Customer ID,Age,Gender,Item Purchased,Category,Purchase Amount (USD),Location,Size,Color,Season,Review Rating,Subscription Status,Shipping Type,Discount Applied,Promo Code Used,Previous Purchases,Payment Method,Frequency of Purchases
1,55,Male,Blouse,Clothing,53,Kentucky,L,Gray,Winter,3.1,Yes,Express,Yes,Yes,14,Venmo,Fortnightly
2,19,Male,Sweater,Clothing,64,Maine,L,Maroon,Winter,3.1,Yes,Express,Yes,Yes,2,Cash,Fortnightly
3,50,Male,Jeans,Clothing,73,Massachusetts,S,Maroon,Spring,3.1,Yes,Free Shipping,Yes,Yes,23,Credit Card,Weekly
4,21,Male,Sandals,Footwear,90,Rhode Island,M,Maroon,Spring,3.5,Yes,Next Day Air,Yes,Yes,49,PayPal,Weekly
5,45,Male,Blouse,Clothing,49,Oregon,M,Turquoise,Spring,2.7,Yes,Free Shipping,Yes,Yes,31,PayPal,Annually
6,46,Male,Sneakers,Footwear,20,Wyoming,M,White,Summer,2.9,Yes,Standard,Yes,Yes,14,Venmo,Weekly
7,63,Male,Shirt,Clothing,85,Montana,M,Gray,Fall,3.2,Yes,Free Shipping,Yes,Yes,49,Cash,Quarterly
8,27,Male,Shorts,Clothing,34,Louisiana,L,Charcoal,Winter,3.2,Yes,Free Shipping,Yes,Yes,19,Credit Card,Weekly
9,26,Male,Coat,Outerwear,97,West Virginia,L,Silver,Summer,2.6,Yes,Express,Yes,Yes,8,Venmo,Annually
10,57,Male,Handbag,Accessories,31,Missouri,M,Pink,Spring,4.8,Yes,2-Day Shipping,Yes,Yes,4,Cash,Quarterly
11,53,Male,Shoes,Footwear,34,Arkansas,L,Purple,Fall,4.1,Yes,Store Pickup,Yes,Yes,26,Bank Transfer,Bi-Weekly
12,30,Male,Shorts,Clothing,68,Hawaii,S,Olive,Winter,4.9,Yes,Store Pickup,Yes,Yes,10,Bank Transfer,Fortnightly
13,61,Male,Coat,Outerwear,72,Delaware,M,Gold,Winter,4.5,Yes,Express,Yes,Yes,37,Venmo,Fortnightly
14,65,Male,Dress,Clothing,51,New Hampshire,M,Violet,Spring,4.7,Yes,Express,Yes,Yes,31,PayPal,Weekly
15,64,Male,Coat,Outerwear,53,New York,L,Teal,Winter,4.7,Yes,Free Shipping,Yes,Yes,34,Debit Card,Weekly
16,64,Male,Skirt,Clothing,81,Rhode Island,M,Teal,Winter,2.8,Yes,Store Pickup,Yes,Yes,8,PayPal,Monthly
17,25,Male,Sunglasses,Accessories,36,Alabama,S,Gray,Spring,4.1,Yes,Next Day Air,Yes,Yes,44,Debit Card,Bi-Weekly
18,53,Male,Dress,Clothing,38,Mississippi,XL,Lavender,Winter,4.7,Yes,2-Day Shipping,Yes,Yes,36,Venmo,Quarterly
19,52,Male,Sweater,Clothing,48,Montana,S,Black,Summer,4.6,Yes,Free Shipping,Yes,Yes,17,Cash,Weekly
20,66,Male,Pants,Clothing,90,Rhode Island,M,Green,Summer,3.3,Yes,Standard,Yes,Yes,46,Debit Card,Bi-Weekly
21,21,Male,Pants,Clothing,51,Louisiana,M,Black,Winter,2.8,Yes,Express,Yes,Yes,50,Cash,Every 3 Months
22,31,Male,Pants,Clothing,62,North Carolina,M,Charcoal,Winter,4.1,Yes,Store Pickup,Yes,Yes,22,Debit Card,Quarterly
23,56,Male,Pants,Clothing,37,California,M,Peach,Summer,3.2,Yes,Store Pickup,Yes,Yes,32,Debit Card,Annually
24,31,Male,Pants,Clothing,88,Oklahoma,XL,White,Winter,4.4,Yes,Express,Yes,Yes,40,Credit Card,Weekly
25,18,Male,Jacket,Outerwear,22,Florida,M,Green,Fall,2.9,Yes,Store Pickup,Yes,Yes,16,Debit Card,Weekly
26,18,Male,Hoodie,Clothing,25,Texas,M,Silver,Summer,3.6,Yes,Express,Yes,Yes,14,PayPal,Annually
27,38,Male,Jewelry,Accessories,20,Nevada,M,Red,Spring,3.6,Yes,Next Day Air,Yes,Yes,13,Credit Card,Annually
28,56,Male,Shorts,Clothing,56,Kentucky,L,Cyan,Summer,5,Yes,Next Day Air,Yes,Yes,7,Bank Transfer,Every 3 Months
29,54,Male,Handbag,Accessories,94,North Carolina,M,Gray,Fall,4.4,Yes,Free Shipping,Yes,Yes,41,PayPal,Every 3 Months
30,31,Male,Dress,Clothing,48,Wyoming,S,Black,Fall,4.1,Yes,Store Pickup,Yes,Yes,14,Credit Card,Weekly
31,57,Male,Jewelry,Accessories,31,North Carolina,L,Black,Winter,4.7,Yes,Standard,Yes,Yes,16,Credit Card,Monthly
32,33,Male,Dress,Clothing,79,West Virginia,L,Brown,Winter,4.7,Yes,Store Pickup,Yes,Yes,45,Venmo,Monthly
33,36,Male,Jacket,Outerwear,67,Kansas,M,Silver,Summer,4.9,Yes,Free Shipping,Yes,Yes,37,Venmo,Annually
34,54,Male,Pants,Clothing,38,Colorado,L,Green,Summer,3.3,Yes,Store Pickup,Yes,Yes,45,Cash,Quarterly
35,36,Male,T-shirt,Clothing,91,North Dakota,L,Violet,Spring,4.6,Yes,2-Day Shipping,Yes,Yes,38,PayPal,Quarterly
36,54,Male,Blouse,Clothing,33,Massachusetts,M,Cyan,Summer,4,Yes,2-Day Shipping,Yes,Yes,48,Credit Card,Bi-Weekly
37,35,Male,T-shirt,Clothing,69,Illinois,M,Maroon,Winter,4.6,Yes,Free Shipping,Yes,Yes,44,PayPal,Fortnightly
38,35,Male,Jeans,Clothing,45,Indiana,S,Cyan,Summer,2.8,Yes,Store Pickup,Yes,Yes,10,PayPal,Weekly
39,29,Male,Dress,Clothing,37,Florida,M,Red,Winter,3.7,Yes,2-Day Shipping,Yes,Yes,44,Venmo,Every 3 Months
40,70,Male,Pants,Clothing,60,Arizona,S,Turquoise,Summer,4.2,Yes,Express,Yes,Yes,18,Credit Card,Monthly
41,69,Male,Handbag,Accessories,76,Louisiana,L,Beige,Winter,4.6,Yes,Next Day Air,Yes,Yes,31,Debit Card,Quarterly
42,67,Male,Scarf,Accessories,39,Alaska,M,Orange,Spring,4.5,Yes,Standard,Yes,Yes,40,Venmo,Annually
43,20,Male,Coat,Outerwear,100,Tennessee,M,Beige,Spring,4.1,Yes,Free Shipping,Yes,Yes,15,PayPal,Annually
44,25,Male,Scarf,Accessories,69,Ohio,L,Lavender,Fall,3.7,Yes,Store Pickup,Yes,Yes,19,PayPal,Fortnightly
45,39,Male,Hat,Accessories,53,Kentucky,S,Silver,Summer,4.6,Yes,Free Shipping,Yes,Yes,45,PayPal,Weekly
46,50,Male,Socks,Clothing,21,Tennessee,XL,Indigo,Fall,2.9,Yes,2-Day Shipping,Yes,Yes,25,PayPal,Annually
47,57,Male,Shirt,Clothing,43,California,L,White,Summer,2.9,Yes,Store Pickup,Yes,Yes,45,Cash,Quarterly
48,55,Male,Jewelry,Accessories,54,Montana,M,Charcoal,Winter,4.5,Yes,Free Shipping,Yes,Yes,36,Cash,Weekly
49,42,Male,Shirt,Clothing,55,Nevada,M,Orange,Summer,2.7,Yes,Store Pickup,Yes,Yes,38,Cash,Monthly
50,68,Male,Hoodie,Clothing,30,New Jersey,S,Indigo,Spring,4.6,Yes,Next Day Air,Yes,Yes,34,Debit Card,Bi-Weekly
51,49,Male,Blouse,Clothing,28,Maryland,M,Red,Spring,3.7,Yes,Store Pickup,Yes,Yes,39,Debit Card,Bi-Weekly
52,59,Male,Skirt,Clothing,59,Vermont,XL,Gray,Winter,4.7,Yes,2-Day Shipping,Yes,Yes,7,Credit Card,Quarterly
53,42,Male,T-shirt,Clothing,20,Alaska,M,Green,Summer,2.6,Yes,Free Shipping,Yes,Yes,26,Credit Card,Weekly
54,29,Male,Skirt,Clothing,24,Mississippi,S,Peach,Winter,3.9,Yes,Next Day Air,Yes,Yes,35,Credit Card,Weekly
55,47,Male,Coat,Outerwear,94,New Mexico,M,Brown,Summer,4.2,Yes,Next Day Air,Yes,Yes,35,Debit Card,Bi-Weekly
56,40,Male,Jacket,Outerwear,28,South Carolina,M,Lavender,Winter,3,Yes,2-Day Shipping,Yes,Yes,49,Credit Card,Annually
57,41,Male,Backpack,Accessories,73,Mississippi,XL,Brown,Summer,4.7,Yes,Store Pickup,Yes,Yes,46,Credit Card,Weekly
58,21,Male,Coat,Outerwear,64,West Virginia,M,White,Summer,4.4,Yes,Store Pickup,Yes,Yes,17,Debit Card,Fortnightly
59,69,Male,Hoodie,Clothing,54,Missouri,M,Charcoal,Summer,4.2,Yes,Free Shipping,Yes,Yes,29,Venmo,Monthly
60,63,Male,Belt,Accessories,79,Louisiana,L,Yellow,Spring,4.6,Yes,Standard,Yes,Yes,4,Debit Card,Weekly
61,50,Male,Sweater,Clothing,37,Idaho,L,Brown,Summer,4,Yes,Express,Yes,Yes,17,Cash,Weekly
62,55,Male,Scarf,Accessories,68,Texas,M,Orange,Winter,4.7,Yes,Store Pickup,Yes,Yes,21,Credit Card,Every 3 Months
63,30,Male,Sneakers,Footwear,21,Mississippi,S,Magenta,Spring,3.8,Yes,Free Shipping,Yes,Yes,31,Credit Card,Fortnightly
64,33,Male,Sunglasses,Accessories,79,Arizona,L,Lavender,Winter,2.7,Yes,2-Day Shipping,Yes,Yes,43,Credit Card,Weekly
65,65,Male,Boots,Footwear,83,Alabama,S,Green,Fall,4.8,Yes,Standard,Yes,Yes,18,Debit Card,Fortnightly
66,65,Male,Backpack,Accessories,36,New Jersey,M,Purple,Spring,4.8,Yes,2-Day Shipping,Yes,Yes,44,Venmo,Every 3 Months
67,31,Male,Blouse,Clothing,94,Pennsylvania,S,Magenta,Winter,4.7,Yes,2-Day Shipping,Yes,Yes,3,Venmo,Every 3 Months
68,45,Male,Coat,Outerwear,33,Connecticut,L,Gray,Winter,4.4,Yes,Store Pickup,Yes,Yes,49,Debit Card,Monthly
69,57,Male,Handbag,Accessories,46,Utah,L,Silver,Summer,3.9,Yes,Next Day Air,Yes,Yes,21,Cash,Every 3 Months
70,48,Male,Belt,Accessories,70,Tennessee,S,Cyan,Summer,4.4,Yes,Express,Yes,Yes,5,Cash,Weekly
71,22,Male,Belt,Accessories,29,Alabama,M,Magenta,Fall,4.2,Yes,Express,Yes,Yes,32,Debit Card,Every 3 Months
72,36,Male,Dress,Clothing,48,Virginia,L,Gold,Summer,2.9,Yes,Express,Yes,Yes,34,Bank Transfer,Annually
73,18,Male,Dress,Clothing,26,Georgia,M,Olive,Winter,2.9,Yes,Store Pickup,Yes,Yes,21,Bank Transfer,Every 3 Months
74,48,Male,Pants,Clothing,85,Hawaii,M,Teal,Spring,2.7,Yes,Free Shipping,Yes,Yes,43,Bank Transfer,Bi-Weekly
75,49,Male,Gloves,Accessories,58,Indiana,L,Violet,Spring,4.5,Yes,Express,Yes,Yes,3,Cash,Monthly
76,64,Male,Scarf,Accessories,85,Utah,M,Blue,Summer,2.7,Yes,Free Shipping,Yes,Yes,21,Credit Card,Annually
77,50,Male,Hat,Accessories,43,Delaware,S,Teal,Summer,4.2,Yes,Free Shipping,Yes,Yes,32,Venmo,Monthly
78,22,Male,Dress,Clothing,53,Delaware,L,Gold,Summer,3.3,Yes,Next Day Air,Yes,Yes,36,Debit Card,Fortnightly
79,50,Male,Skirt,Clothing,91,Nebraska,M,Maroon,Spring,4.7,Yes,Free Shipping,Yes,Yes,50,Venmo,Fortnightly
80,38,Male,Jacket,Outerwear,96,Iowa,M,Olive,Winter,2.6,Yes,2-Day Shipping,Yes,Yes,43,Bank Transfer,Every 3 Months
81,19,Male,Sandals,Footwear,72,New York,XL,Blue,Summer,3.3,Yes,Store Pickup,Yes,Yes,24,Credit Card,Every 3 Months
82,67,Male,Shoes,Footwear,96,Virginia,L,Maroon,Summer,2.6,Yes,Express,Yes,Yes,36,Credit Card,Every 3 Months
83,19,Male,Pants,Clothing,28,Georgia,S,Olive,Spring,4,Yes,2-Day Shipping,Yes,Yes,21,Credit Card,Every 3 Months
84,36,Male,Dress,Clothing,40,Texas,M,Turquoise,Summer,4.1,Yes,Standard,Yes,Yes,34,Bank Transfer,Weekly
85,52,Male,Coat,Outerwear,32,Arizona,S,Peach,Spring,4.4,Yes,Standard,Yes,Yes,42,Bank Transfer,Every 3 Months
86,53,Male,Sunglasses,Accessories,95,New Mexico,M,Charcoal,Winter,4.5,Yes,Next Day Air,Yes,Yes,2,Debit Card,Bi-Weekly
87,24,Male,Hoodie,Clothing,41,Nevada,L,Pink,Spring,3.7,Yes,2-Day Shipping,Yes,Yes,47,Cash,Bi-Weekly
88,52,Male,Shoes,Footwear,53,Ohio,M,Green,Fall,3.7,Yes,2-Day Shipping,Yes,Yes,44,Debit Card,Fortnightly
89,33,Male,T-shirt,Clothing,47,Wyoming,M,Orange,Fall,3.5,Yes,Free Shipping,Yes,Yes,35,Credit Card,Monthly
90,47,Male,Jacket,Outerwear,83,California,XL,Pink,Fall,3.6,Yes,Next Day Air,Yes,Yes,15,Cash,Quarterly
91,25,Male,Hat,Accessories,48,South Carolina,L,Violet,Summer,2.9,Yes,Express,Yes,Yes,29,Credit Card,Monthly
92,44,Male,Scarf,Accessories,99,South Carolina,S,Green,Winter,4.6,Yes,Standard,Yes,Yes,18,Credit Card,Every 3 Months
93,61,Male,Jacket,Outerwear,87,Texas,M,Olive,Winter,4.4,Yes,2-Day Shipping,Yes,Yes,13,Venmo,Every 3 Months
94,37,Male,Sweater,Clothing,62,Florida,M,Purple,Fall,4.5,Yes,Standard,Yes,Yes,46,Credit Card,Weekly
95,58,Male,Skirt,Clothing,76,Nevada,S,Silver,Spring,4.6,Yes,Free Shipping,Yes,Yes,28,Credit Card,Weekly
96,37,Male,Sneakers,Footwear,100,Missouri,L,Pink,Fall,3.8,Yes,Free Shipping,Yes,Yes,48,PayPal,Monthly
97,32,Male,Gloves,Accessories,73,Delaware,S,Gold,Spring,3.6,Yes,Express,Yes,Yes,43,Venmo,Every 3 Months
98,21,Male,Shoes,Footwear,92,Virginia,M,Teal,Winter,4.8,Yes,Store Pickup,Yes,Yes,37,Cash,Annually
99,20,Male,Jeans,Clothing,67,New York,XL,Teal,Spring,2.6,Yes,Next Day Air,Yes,Yes,20,Bank Transfer,Annually
100,26,Male,Hoodie,Clothing,40,Missouri,XL,Indigo,Summer,3.7,Yes,Express,Yes,Yes,33,Debit Card,Quarterly
101,62,Male,Sunglasses,Accessories,98,South Dakota,M,Maroon,Fall,2.7,Yes,Express,Yes,Yes,31,Cash,Fortnightly
102,27,Male,Coat,Outerwear,85,North Dakota,XL,White,Spring,4.6,Yes,Express,Yes,Yes,50,Credit Card,Bi-Weekly
103,51,Male,Socks,Clothing,67,Oklahoma,L,Violet,Winter,4.8,Yes,Next Day Air,Yes,Yes,35,Credit Card,Quarterly
104,54,Male,Boots,Footwear,89,West Virginia,L,Red,Winter,4,Yes,Next Day Air,Yes,Yes,22,Venmo,Bi-Weekly
105,55,Male,Sunglasses,Accessories,24,New Hampshire,L,Pink,Spring,4.4,Yes,2-Day Shipping,Yes,Yes,1,PayPal,Monthly
106,69,Male,Backpack,Accessories,96,New York,M,Charcoal,Fall,3.6,Yes,Next Day Air,Yes,Yes,4,Bank Transfer,Annually
107,64,Male,Jacket,Outerwear,35,Minnesota,L,White,Summer,3.7,Yes,Standard,Yes,Yes,31,Credit Card,Monthly
108,28,Male,Sneakers,Footwear,67,Maryland,L,Olive,Winter,3.1,Yes,Next Day Air,Yes,Yes,46,PayPal,Fortnightly
109,70,Male,Socks,Clothing,79,Montana,L,Purple,Spring,3.4,Yes,Next Day Air,Yes,Yes,32,Bank Transfer,Bi-Weekly
110,58,Male,T-shirt,Clothing,85,Alabama,M,Violet,Spring,2.6,Yes,Next Day Air,Yes,Yes,43,Bank Transfer,Fortnightly
111,56,Male,Backpack,Accessories,26,New York,M,Black,Summer,4,Yes,Standard,Yes,Yes,26,Venmo,Fortnightly
112,26,Male,Belt,Accessories,75,Massachusetts,L,Purple,Summer,5,Yes,Free Shipping,Yes,Yes,9,Credit Card,Annually
113,37,Male,Gloves,Accessories,65,Florida,M,Red,Spring,4.3,Yes,Free Shipping,Yes,Yes,28,PayPal,Bi-Weekly
114,44,Male,Hat,Accessories,54,New Jersey,L,Maroon,Winter,3.1,Yes,Next Day Air,Yes,Yes,20,PayPal,Quarterly
115,70,Male,Coat,Outerwear,95,Massachusetts,S,Blue,Summer,3.7,Yes,Store Pickup,Yes,Yes,9,Cash,Weekly
116,53,Male,Skirt,Clothing,94,Wyoming,M,Gray,Spring,3.8,Yes,Standard,Yes,Yes,48,Debit Card,Every 3 Months
117,55,Male,Shoes,Footwear,86,Virginia,S,Blue,Spring,3.4,Yes,Free Shipping,Yes,Yes,12,Venmo,Annually
118,50,Male,Sandals,Footwear,32,South Dakota,L,Yellow,Summer,4.6,Yes,Express,Yes,Yes,29,Cash,Fortnightly
119,50,Male,Sweater,Clothing,45,Kentucky,L,Orange,Fall,4.8,Yes,2-Day Shipping,Yes,Yes,27,Cash,Bi-Weekly
120,38,Male,Coat,Outerwear,76,Wyoming,M,Orange,Fall,4.3,Yes,Express,Yes,Yes,44,Cash,Annually
121,64,Male,Hat,Accessories,84,West Virginia,L,Red,Summer,4,Yes,Express,Yes,Yes,32,Bank Transfer,Annually
122,19,Male,Shorts,Clothing,72,Virginia,M,Olive,Winter,4.2,Yes,Standard,Yes,Yes,11,Cash,Fortnightly
123,40,Male,Backpack,Accessories,40,Washington,L,Brown,Spring,4.8,Yes,2-Day Shipping,Yes,Yes,44,Cash,Fortnightly
124,57,Male,Sweater,Clothing,89,Louisiana,L,Brown,Fall,3.1,Yes,Free Shipping,Yes,Yes,46,Cash,Weekly
125,44,Male,Sweater,Clothing,86,Nevada,M,Gray,Spring,3.1,Yes,Next Day Air,Yes,Yes,50,PayPal,Annually
126,49,Male,Shorts,Clothing,54,California,M,Indigo,Winter,3.6,Yes,Next Day Air,Yes,Yes,45,Venmo,Every 3 Months
127,43,Male,Shorts,Clothing,36,Mississippi,L,Pink,Spring,3.9,Yes,Store Pickup,Yes,Yes,48,Cash,Every 3 Months
128,24,Male,Sweater,Clothing,89,Mississippi,M,Gray,Winter,4.8,Yes,Next Day Air,Yes,Yes,26,Credit Card,Weekly
129,20,Male,Scarf,Accessories,32,California,M,Gold,Spring,4.7,Yes,Standard,Yes,Yes,21,Credit Card,Fortnightly
130,24,Male,Dress,Clothing,67,Pennsylvania,XL,Olive,Summer,4.2,Yes,2-Day Shipping,Yes,Yes,49,PayPal,Bi-Weekly
131,44,Male,Scarf,Accessories,39,Kentucky,L,Violet,Fall,3.7,Yes,Next Day Air,Yes,Yes,13,PayPal,Fortnightly
132,28,Male,Skirt,Clothing,29,Maine,L,Indigo,Summer,3.9,Yes,Standard,Yes,Yes,46,Credit Card,Weekly
133,30,Male,Backpack,Accessories,58,New Mexico,M,Orange,Fall,4.7,Yes,2-Day Shipping,Yes,Yes,42,PayPal,Weekly
134,52,Male,Sweater,Clothing,65,Montana,M,Violet,Winter,2.5,Yes,Next Day Air,Yes,Yes,25,Venmo,Annually
135,43,Male,Hat,Accessories,94,Texas,L,Gray,Fall,4.9,Yes,Store Pickup,Yes,Yes,25,Cash,Monthly
136,43,Male,Sandals,Footwear,81,Kansas,M,Purple,Fall,4.1,Yes,Express,Yes,Yes,12,PayPal,Quarterly
137,39,Male,Blouse,Clothing,86,South Carolina,M,White,Winter,3.3,Yes,Free Shipping,Yes,Yes,4,Debit Card,Quarterly
138,68,Male,Sneakers,Footwear,43,Colorado,M,Turquoise,Spring,4.7,Yes,Free Shipping,Yes,Yes,38,PayPal,Weekly
139,68,Male,Skirt,Clothing,29,Georgia,M,Maroon,Winter,4.4,Yes,Store Pickup,Yes,Yes,42,Bank Transfer,Weekly
140,49,Male,Coat,Outerwear,95,Florida,M,White,Fall,3.8,Yes,Store Pickup,Yes,Yes,30,Venmo,Annually
141,63,Male,Shirt,Clothing,28,North Carolina,L,Yellow,Fall,3.9,Yes,2-Day Shipping,Yes,Yes,50,Credit Card,Weekly
142,56,Male,Gloves,Accessories,46,Virginia,M,Turquoise,Fall,4.9,Yes,Free Shipping,Yes,Yes,45,PayPal,Weekly
143,37,Male,Jacket,Outerwear,58,Nebraska,L,Violet,Fall,3.1,Yes,Free Shipping,Yes,Yes,33,Credit Card,Fortnightly
144,30,Male,Coat,Outerwear,48,Missouri,M,Beige,Fall,2.7,Yes,Store Pickup,Yes,Yes,25,PayPal,Quarterly
145,19,Male,Shoes,Footwear,43,New Jersey,M,Silver,Fall,3.2,Yes,Express,Yes,Yes,25,Cash,Monthly
146,24,Male,Jewelry,Accessories,95,Missouri,M,Teal,Fall,4.5,Yes,Standard,Yes,Yes,44,Debit Card,Quarterly
147,52,Male,Skirt,Clothing,30,Colorado,S,Black,Fall,4,Yes,Standard,Yes,Yes,21,Venmo,Fortnightly
148,63,Male,Shoes,Footwear,64,Idaho,M,Purple,Summer,3.5,Yes,2-Day Shipping,Yes,Yes,31,Bank Transfer,Fortnightly
149,37,Male,Gloves,Accessories,90,Wyoming,M,Gray,Fall,2.6,Yes,Store Pickup,Yes,Yes,47,Debit Card,Annually
150,38,Male,Pants,Clothing,76,Delaware,M,White,Summer,3.2,Yes,Free Shipping,Yes,Yes,14,PayPal,Monthly
151,35,Male,Boots,Footwear,96,California,L,Cyan,Fall,4.9,Yes,Standard,Yes,Yes,17,Debit Card,Every 3 Months
152,28,Male,Sunglasses,Accessories,47,North Dakota,L,Turquoise,Fall,4.5,Yes,Next Day Air,Yes,Yes,3,Venmo,Annually
153,30,Male,Shirt,Clothing,85,South Carolina,S,Brown,Summer,4.3,Yes,Express,Yes,Yes,42,Venmo,Annually
154,69,Male,Hoodie,Clothing,55,North Carolina,M,Maroon,Winter,3.2,Yes,Standard,Yes,Yes,22,Debit Card,Annually
155,41,Male,Dress,Clothing,98,Oklahoma,M,Charcoal,Fall,3.6,Yes,Next Day Air,Yes,Yes,21,Venmo,Quarterly
156,63,Male,Socks,Clothing,77,Maine,S,Olive,Spring,4.3,Yes,Free Shipping,Yes,Yes,21,Bank Transfer,Quarterly
157,35,Male,Shorts,Clothing,26,Missouri,M,Lavender,Fall,4,Yes,Standard,Yes,Yes,40,Debit Card,Annually
158,36,Male,Hat,Accessories,68,Vermont,S,Yellow,Fall,3,Yes,Next Day Air,Yes,Yes,1,Bank Transfer,Fortnightly
159,25,Male,Shirt,Clothing,73,Connecticut,XL,Teal,Fall,4.1,Yes,Standard,Yes,Yes,50,Bank Transfer,Monthly
160,58,Male,Gloves,Accessories,27,New Hampshire,M,Charcoal,Fall,3.8,Yes,Store Pickup,Yes,Yes,39,Bank Transfer,Every 3 Months
161,27,Male,Gloves,Accessories,23,Texas,M,Orange,Summer,4.6,Yes,Free Shipping,Yes,Yes,34,Venmo,Monthly
162,65,Male,Backpack,Accessories,49,North Dakota,M,Olive,Fall,3,Yes,Express,Yes,Yes,29,Venmo,Fortnightly
163,54,Male,Sunglasses,Accessories,74,California,M,Turquoise,Summer,3,Yes,Store Pickup,Yes,Yes,31,PayPal,Bi-Weekly
164,54,Male,Skirt,Clothing,67,Virginia,M,Purple,Summer,3.4,Yes,Standard,Yes,Yes,8,Debit Card,Weekly
165,59,Male,Handbag,Accessories,65,Delaware,S,Purple,Spring,2.6,Yes,Free Shipping,Yes,Yes,5,Credit Card,Fortnightly
166,42,Male,Handbag,Accessories,60,Kentucky,S,Yellow,Winter,2.8,Yes,Store Pickup,Yes,Yes,7,Cash,Monthly
167,46,Male,Sneakers,Footwear,31,Delaware,XL,Indigo,Fall,4,Yes,Store Pickup,Yes,Yes,30,Cash,Monthly
168,33,Male,Gloves,Accessories,27,Arkansas,M,Green,Fall,4,Yes,Express,Yes,Yes,14,Credit Card,Every 3 Months
169,34,Male,Shoes,Footwear,80,Louisiana,M,Magenta,Summer,3,Yes,Express,Yes,Yes,5,Cash,Fortnightly
170,27,Male,Jacket,Outerwear,30,Nevada,S,Gold,Summer,3.3,Yes,Standard,Yes,Yes,3,PayPal,Every 3 Months
171,52,Male,Shirt,Clothing,25,Wyoming,M,Maroon,Fall,2.6,Yes,Store Pickup,Yes,Yes,46,Venmo,Bi-Weekly
172,29,Male,Shorts,Clothing,35,Virginia,M,Blue,Summer,3.6,Yes,Store Pickup,Yes,Yes,4,Credit Card,Weekly
173,54,Male,Jewelry,Accessories,67,Nebraska,M,Violet,Summer,3.9,Yes,Next Day Air,Yes,Yes,42,Credit Card,Bi-Weekly
174,25,Male,Hat,Accessories,46,Hawaii,M,Turquoise,Fall,3.4,Yes,Standard,Yes,Yes,30,Cash,Annually
175,41,Male,Shoes,Footwear,35,Vermont,L,Brown,Winter,3.5,Yes,Express,Yes,Yes,37,Venmo,Annually
176,53,Male,Coat,Outerwear,86,Oklahoma,L,Violet,Fall,2.8,Yes,Next Day Air,Yes,Yes,2,Bank Transfer,Annually
177,53,Male,Backpack,Accessories,81,New Hampshire,L,Black,Spring,2.7,Yes,Next Day Air,Yes,Yes,30,Credit Card,Quarterly
178,21,Male,Hoodie,Clothing,42,Kansas,L,Magenta,Fall,3.7,Yes,Next Day Air,Yes,Yes,47,Bank Transfer,Monthly
179,61,Male,Skirt,Clothing,43,Idaho,L,Lavender,Fall,4.3,Yes,2-Day Shipping,Yes,Yes,21,PayPal,Quarterly
180,64,Male,Boots,Footwear,31,Illinois,M,Violet,Fall,4.9,Yes,Store Pickup,Yes,Yes,9,Bank Transfer,Fortnightly
181,51,Male,Sandals,Footwear,81,South Dakota,L,Green,Fall,3.3,Yes,Store Pickup,Yes,Yes,12,Debit Card,Fortnightly
182,32,Male,Pants,Clothing,61,Massachusetts,M,Beige,Summer,4.7,Yes,Next Day Air,Yes,Yes,4,Bank Transfer,Weekly
183,38,Male,Gloves,Accessories,96,Alabama,XL,Purple,Summer,2.8,Yes,Store Pickup,Yes,Yes,10,Debit Card,Annually
184,58,Male,Skirt,Clothing,29,Ohio,XL,Beige,Spring,3.6,Yes,2-Day Shipping,Yes,Yes,26,Credit Card,Weekly
185,32,Male,Sneakers,Footwear,33,Hawaii,L,Cyan,Spring,3,Yes,Express,Yes,Yes,40,Cash,Fortnightly
186,46,Male,T-shirt,Clothing,32,Wisconsin,XL,Silver,Summer,4.5,Yes,Store Pickup,Yes,Yes,34,Bank Transfer,Fortnightly
187,39,Male,Backpack,Accessories,56,Minnesota,S,Lavender,Summer,2.9,Yes,Standard,Yes,Yes,31,Debit Card,Annually
188,19,Male,Shoes,Footwear,94,Georgia,S,Purple,Spring,3.3,Yes,Store Pickup,Yes,Yes,1,Bank Transfer,Bi-Weekly
189,50,Male,Hoodie,Clothing,53,Arkansas,M,Pink,Spring,3.1,Yes,Express,Yes,Yes,5,Bank Transfer,Bi-Weekly
190,36,Male,Blouse,Clothing,82,West Virginia,M,Maroon,Fall,4.4,Yes,Next Day Air,Yes,Yes,4,Credit Card,Weekly
191,65,Male,Coat,Outerwear,70,Indiana,XL,Beige,Fall,3,Yes,Free Shipping,Yes,Yes,48,Venmo,Quarterly
192,64,Male,Hat,Accessories,76,Utah,M,Gray,Fall,3.9,Yes,Free Shipping,Yes,Yes,29,Cash,Every 3 Months
193,46,Male,Shoes,Footwear,29,Nebraska,L,Turquoise,Summer,2.9,Yes,Express,Yes,Yes,12,PayPal,Bi-Weekly
194,36,Male,Belt,Accessories,100,North Dakota,S,Silver,Fall,3,Yes,Standard,Yes,Yes,29,Venmo,Annually
195,51,Male,Backpack,Accessories,94,Missouri,M,Olive,Spring,3.1,Yes,Express,Yes,Yes,15,Debit Card,Quarterly
196,51,Male,Jacket,Outerwear,25,New York,M,Magenta,Fall,4.3,Yes,Free Shipping,Yes,Yes,34,Credit Card,Monthly
197,38,Male,Boots,Footwear,88,Washington,M,Lavender,Summer,3.9,Yes,Next Day Air,Yes,Yes,41,Credit Card,Fortnightly
198,59,Male,Scarf,Accessories,78,South Carolina,M,Black,Fall,3.2,Yes,2-Day Shipping,Yes,Yes,41,Credit Card,Monthly
199,57,Male,Jewelry,Accessories,45,Utah,M,Turquoise,Winter,4.8,Yes,Standard,Yes,Yes,39,Credit Card,Fortnightly
200,54,Male,Hat,Accessories,73,Idaho,XL,Green,Summer,3.8,Yes,Express,Yes,Yes,32,Cash,Weekly
201,25,Male,Dress,Clothing,61,Pennsylvania,S,Teal,Summer,3.3,Yes,Next Day Air,Yes,Yes,29,Venmo,Monthly
202,69,Male,Blouse,Clothing,22,Missouri,S,Beige,Fall,4.3,Yes,Free Shipping,Yes,Yes,15,Bank Transfer,Annually
203,57,Male,Hat,Accessories,38,Nebraska,L,Magenta,Spring,2.7,Yes,Express,Yes,Yes,33,Venmo,Annually
204,70,Male,Scarf,Accessories,38,Indiana,S,Yellow,Fall,3.2,Yes,Next Day Air,Yes,Yes,18,Bank Transfer,Weekly
205,24,Male,Sneakers,Footwear,100,Arizona,M,Yellow,Fall,4,Yes,Store Pickup,Yes,Yes,35,Cash,Bi-Weekly
206,67,Male,Shirt,Clothing,64,Hawaii,M,Silver,Winter,3,Yes,Standard,Yes,Yes,25,PayPal,Weekly
207,24,Male,T-shirt,Clothing,55,Wisconsin,L,Silver,Summer,4.2,Yes,Free Shipping,Yes,Yes,6,Venmo,Fortnightly
208,62,Male,Gloves,Accessories,91,Rhode Island,M,Silver,Summer,2.9,Yes,Express,Yes,Yes,17,Bank Transfer,Bi-Weekly
209,57,Male,Skirt,Clothing,38,Wisconsin,M,Gold,Spring,4.1,Yes,Store Pickup,Yes,Yes,17,Credit Card,Monthly
210,55,Male,Sandals,Footwear,97,Minnesota,S,Olive,Winter,3.2,Yes,Store Pickup,Yes,Yes,44,Cash,Every 3 Months
211,45,Male,Jacket,Outerwear,22,Vermont,L,Teal,Fall,3,Yes,2-Day Shipping,Yes,Yes,6,PayPal,Fortnightly
212,69,Male,Skirt,Clothing,92,South Dakota,L,Maroon,Fall,4.2,Yes,2-Day Shipping,Yes,Yes,45,Debit Card,Fortnightly
213,67,Male,Handbag,Accessories,84,Virginia,L,Blue,Fall,4.2,Yes,Express,Yes,Yes,7,Debit Card,Annually
214,30,Male,Handbag,Accessories,93,Nevada,L,Peach,Fall,4.4,Yes,Store Pickup,Yes,Yes,11,Debit Card,Every 3 Months
215,24,Male,Jacket,Outerwear,50,Hawaii,L,Blue,Summer,4.2,Yes,Next Day Air,Yes,Yes,41,Cash,Every 3 Months
216,62,Male,Scarf,Accessories,64,New Jersey,S,Orange,Spring,2.8,Yes,2-Day Shipping,Yes,Yes,24,PayPal,Bi-Weekly
217,43,Male,Shorts,Clothing,61,Massachusetts,L,Yellow,Spring,3.7,Yes,Free Shipping,Yes,Yes,21,Venmo,Weekly
218,35,Male,Sunglasses,Accessories,48,Oklahoma,M,Purple,Winter,3.5,Yes,Next Day Air,Yes,Yes,24,Bank Transfer,Annually
219,28,Male,T-shirt,Clothing,45,California,S,Magenta,Spring,2.9,Yes,Store Pickup,Yes,Yes,8,Credit Card,Quarterly
220,32,Male,Belt,Accessories,88,Nevada,M,Cyan,Spring,3,Yes,Free Shipping,Yes,Yes,12,Cash,Fortnightly
221,39,Male,Sneakers,Footwear,57,Arizona,S,Indigo,Spring,3.7,Yes,Express,Yes,Yes,48,Debit Card,Fortnightly
222,28,Male,Hat,Accessories,68,North Carolina,XL,Magenta,Summer,4.4,Yes,Store Pickup,Yes,Yes,6,Bank Transfer,Quarterly
223,47,Male,Gloves,Accessories,94,New York,XL,Gray,Spring,4.5,Yes,2-Day Shipping,Yes,Yes,14,PayPal,Fortnightly
224,20,Male,Pants,Clothing,41,Wyoming,M,Turquoise,Spring,4.8,Yes,Free Shipping,Yes,Yes,34,PayPal,Annually
225,63,Male,Socks,Clothing,83,South Dakota,S,Beige,Summer,2.9,Yes,Free Shipping,Yes,Yes,12,Cash,Every 3 Months
226,25,Male,Jacket,Outerwear,22,Arkansas,M,Olive,Spring,3.2,Yes,Next Day Air,Yes,Yes,11,Bank Transfer,Annually
227,29,Male,Shoes,Footwear,74,Texas,L,Violet,Spring,3.3,Yes,Free Shipping,Yes,Yes,5,PayPal,Monthly
228,50,Male,Jeans,Clothing,90,Rhode Island,M,Turquoise,Winter,4.2,Yes,Standard,Yes,Yes,25,Venmo,Fortnightly
229,18,Male,Socks,Clothing,79,New Hampshire,M,White,Spring,2.9,Yes,Store Pickup,Yes,Yes,11,Credit Card,Annually
230,70,Male,Sandals,Footwear,28,Ohio,S,Silver,Spring,4.6,Yes,Next Day Air,Yes,Yes,27,PayPal,Every 3 Months
231,66,Male,Scarf,Accessories,88,Utah,L,Olive,Fall,4.1,Yes,Standard,Yes,Yes,43,Credit Card,Annually
232,28,Male,Blouse,Clothing,26,Tennessee,M,Blue,Spring,3.1,Yes,2-Day Shipping,Yes,Yes,18,Debit Card,Every 3 Months
233,54,Male,Jewelry,Accessories,27,Hawaii,L,Purple,Winter,4.2,Yes,Express,Yes,Yes,32,Bank Transfer,Bi-Weekly
234,19,Male,Sweater,Clothing,83,Arizona,XL,Yellow,Fall,4.5,Yes,Next Day Air,Yes,Yes,27,Bank Transfer,Every 3 Months
235,20,Male,Gloves,Accessories,39,South Dakota,S,Silver,Summer,3.7,Yes,Next Day Air,Yes,Yes,24,Credit Card,Weekly
236,43,Male,Sunglasses,Accessories,89,New Jersey,M,Cyan,Winter,3.7,Yes,Free Shipping,Yes,Yes,31,Debit Card,Quarterly
237,38,Male,Coat,Outerwear,68,North Dakota,L,Green,Winter,3.4,Yes,Next Day Air,Yes,Yes,39,PayPal,Fortnightly
238,50,Male,Dress,Clothing,90,Iowa,M,Beige,Summer,3,Yes,Store Pickup,Yes,Yes,36,Debit Card,Fortnightly
239,64,Male,Skirt,Clothing,34,Ohio,M,Peach,Fall,4.2,Yes,Free Shipping,Yes,Yes,5,Cash,Annually
240,49,Male,Pants,Clothing,51,Vermont,L,Yellow,Summer,2.9,Yes,Express,Yes,Yes,47,Credit Card,Bi-Weekly
241,47,Male,Sweater,Clothing,45,Montana,XL,Turquoise,Winter,3.5,Yes,Free Shipping,Yes,Yes,29,Bank Transfer,Fortnightly
242,36,Male,Hoodie,Clothing,88,Delaware,M,Peach,Winter,4.1,Yes,Free Shipping,Yes,Yes,43,Venmo,Bi-Weekly
243,55,Male,Coat,Outerwear,85,New York,L,Gray,Summer,4.3,Yes,Store Pickup,Yes,Yes,40,Debit Card,Every 3 Months
244,25,Male,Jewelry,Accessories,100,Kentucky,M,Olive,Winter,2.8,Yes,2-Day Shipping,Yes,Yes,4,Debit Card,Monthly
245,53,Male,Belt,Accessories,42,Oregon,S,Indigo,Spring,4.9,Yes,2-Day Shipping,Yes,Yes,39,PayPal,Weekly
246,49,Male,Sandals,Footwear,53,Rhode Island,L,Charcoal,Summer,3.3,Yes,Next Day Air,Yes,Yes,45,Venmo,Fortnightly
247,35,Male,Sunglasses,Accessories,86,Nevada,XL,Beige,Spring,3.2,Yes,Express,Yes,Yes,20,Venmo,Bi-Weekly
248,29,Male,Sweater,Clothing,66,Montana,XL,Brown,Spring,4.4,Yes,Standard,Yes,Yes,14,Debit Card,Weekly
249,47,Male,Belt,Accessories,100,Pennsylvania,M,Blue,Winter,4.8,Yes,Express,Yes,Yes,33,PayPal,Weekly
250,53,Male,Handbag,Accessories,47,Alaska,S,Teal,Fall,4.2,Yes,Standard,Yes,Yes,18,Credit Card,Annually
251,33,Male,Skirt,Clothing,25,Mississippi,L,Black,Fall,4,Yes,Express,Yes,Yes,9,Bank Transfer,Weekly
252,21,Male,Handbag,Accessories,51,Wyoming,XL,Gold,Winter,2.5,Yes,Standard,Yes,Yes,34,PayPal,Annually
253,32,Male,Shorts,Clothing,41,Delaware,M,Violet,Summer,3.9,Yes,Free Shipping,Yes,Yes,33,Venmo,Fortnightly
254,52,Male,Boots,Footwear,73,Oklahoma,L,Cyan,Winter,4.9,Yes,2-Day Shipping,Yes,Yes,15,Bank Transfer,Bi-Weekly
255,67,Male,Sunglasses,Accessories,42,Indiana,M,White,Winter,3.5,Yes,Store Pickup,Yes,Yes,4,PayPal,Bi-Weekly
256,43,Male,Scarf,Accessories,20,Maryland,M,Charcoal,Spring,4.2,Yes,Free Shipping,Yes,Yes,25,Debit Card,Annually
257,58,Male,Jewelry,Accessories,30,South Dakota,XL,Violet,Spring,4.7,Yes,Express,Yes,Yes,20,Credit Card,Every 3 Months
258,20,Male,Handbag,Accessories,53,West Virginia,M,Red,Summer,4.5,Yes,Express,Yes,Yes,5,Credit Card,Quarterly
259,61,Male,Gloves,Accessories,74,Alabama,S,Lavender,Spring,2.8,Yes,Express,Yes,Yes,16,Cash,Quarterly
260,32,Male,Jeans,Clothing,57,Louisiana,M,Gold,Fall,2.9,Yes,Standard,Yes,Yes,13,Debit Card,Annually
261,38,Male,Hat,Accessories,57,Montana,S,Red,Winter,3.2,Yes,2-Day Shipping,Yes,Yes,11,Credit Card,Every 3 Months
262,21,Male,Jeans,Clothing,77,California,L,Magenta,Winter,4.9,Yes,Standard,Yes,Yes,21,Credit Card,Annually
263,37,Male,Pants,Clothing,40,Hawaii,M,Teal,Summer,3.7,Yes,Next Day Air,Yes,Yes,6,Debit Card,Annually
264,27,Male,Shorts,Clothing,46,Iowa,M,Purple,Summer,4.3,Yes,Store Pickup,Yes,Yes,29,Venmo,Monthly
265,36,Male,Pants,Clothing,78,Colorado,S,Charcoal,Fall,3.9,Yes,Store Pickup,Yes,Yes,15,Cash,Annually
266,32,Male,Backpack,Accessories,59,Michigan,M,Gray,Spring,3.2,Yes,2-Day Shipping,Yes,Yes,17,Bank Transfer,Bi-Weekly
267,51,Male,Jewelry,Accessories,75,Louisiana,L,White,Summer,3.1,Yes,Express,Yes,Yes,32,Credit Card,Weekly
268,64,Male,Sweater,Clothing,54,Maryland,M,Olive,Spring,3.9,Yes,2-Day Shipping,Yes,Yes,42,Venmo,Annually
269,68,Male,Shoes,Footwear,42,Georgia,M,Charcoal,Spring,2.6,Yes,Store Pickup,Yes,Yes,21,Cash,Monthly
270,68,Male,Blouse,Clothing,44,Georgia,M,Charcoal,Winter,3.3,Yes,Next Day Air,Yes,Yes,9,Cash,Bi-Weekly
271,33,Male,Jeans,Clothing,52,North Dakota,XL,Orange,Fall,4.6,Yes,Free Shipping,Yes,Yes,16,Bank Transfer,Annually
272,65,Male,Sunglasses,Accessories,69,Maryland,XL,Yellow,Summer,4.6,Yes,Express,Yes,Yes,42,Credit Card,Fortnightly
273,48,Male,Jewelry,Accessories,26,Oregon,M,Beige,Summer,4.4,Yes,2-Day Shipping,Yes,Yes,37,Debit Card,Bi-Weekly
274,69,Male,Coat,Outerwear,33,North Dakota,S,Silver,Spring,4.2,Yes,Express,Yes,Yes,32,Debit Card,Quarterly
275,59,Male,Jewelry,Accessories,32,Maryland,M,Indigo,Spring,3,Yes,Express,Yes,Yes,28,Cash,Bi-Weekly
276,48,Male,Backpack,Accessories,85,Virginia,XL,Lavender,Winter,4,Yes,Express,Yes,Yes,13,Credit Card,Weekly
277,25,Male,Skirt,Clothing,30,South Dakota,XL,Turquoise,Fall,3.5,Yes,Express,Yes,Yes,11,Bank Transfer,Fortnightly
278,29,Male,Shirt,Clothing,29,Georgia,M,Green,Winter,3,Yes,Store Pickup,Yes,Yes,36,Bank Transfer,Bi-Weekly
279,57,Male,Sweater,Clothing,95,Hawaii,M,Orange,Spring,3.7,Yes,Express,Yes,Yes,23,Debit Card,Annually
280,23,Male,Sneakers,Footwear,69,Arkansas,L,Turquoise,Summer,4,Yes,Standard,Yes,Yes,37,Bank Transfer,Monthly
281,45,Male,Sandals,Footwear,69,Montana,S,Cyan,Fall,4.2,Yes,2-Day Shipping,Yes,Yes,21,Cash,Bi-Weekly
282,38,Male,Belt,Accessories,61,Oklahoma,XL,Charcoal,Spring,2.5,Yes,Standard,Yes,Yes,22,Debit Card,Bi-Weekly
283,21,Male,Skirt,Clothing,94,Minnesota,M,Teal,Summer,3,Yes,2-Day Shipping,Yes,Yes,9,Cash,Monthly
284,32,Male,Sweater,Clothing,30,Montana,S,Maroon,Fall,3.2,Yes,Next Day Air,Yes,Yes,16,Venmo,Annually
285,63,Male,Skirt,Clothing,45,Ohio,M,Red,Summer,3.5,Yes,Standard,Yes,Yes,4,PayPal,Quarterly
286,29,Male,Handbag,Accessories,39,Kentucky,XL,Yellow,Summer,4.8,Yes,Express,Yes,Yes,3,Debit Card,Bi-Weekly
287,27,Male,Jewelry,Accessories,51,Nebraska,L,Gray,Summer,2.6,Yes,Store Pickup,Yes,Yes,6,Debit Card,Annually
288,56,Male,Scarf,Accessories,37,Delaware,L,Blue,Spring,3.4,Yes,2-Day Shipping,Yes,Yes,18,Venmo,Fortnightly
289,30,Male,T-shirt,Clothing,62,North Carolina,M,Lavender,Winter,3.7,Yes,2-Day Shipping,Yes,Yes,34,Venmo,Bi-Weekly
290,49,Male,Coat,Outerwear,85,New York,M,Yellow,Fall,4.5,Yes,2-Day Shipping,Yes,Yes,26,Credit Card,Monthly
291,58,Male,T-shirt,Clothing,33,Colorado,M,Indigo,Winter,3.7,Yes,Standard,Yes,Yes,50,PayPal,Weekly
292,57,Male,Dress,Clothing,26,Delaware,XL,Violet,Fall,3.3,Yes,Next Day Air,Yes,Yes,40,Bank Transfer,Monthly
293,60,Male,Shoes,Footwear,99,Utah,M,Green,Spring,4.7,Yes,Free Shipping,Yes,Yes,24,Cash,Quarterly
294,69,Male,Handbag,Accessories,39,Connecticut,M,White,Spring,2.7,Yes,Express,Yes,Yes,33,PayPal,Annually
295,70,Male,Skirt,Clothing,20,New Jersey,M,Gold,Spring,4.6,Yes,Store Pickup,Yes,Yes,19,Credit Card,Every 3 Months
296,53,Male,Sunglasses,Accessories,42,West Virginia,M,Indigo,Winter,2.7,Yes,Store Pickup,Yes,Yes,24,Credit Card,Quarterly
297,25,Male,Sandals,Footwear,74,Indiana,S,Lavender,Spring,4.8,Yes,2-Day Shipping,Yes,Yes,19,Credit Card,Weekly
298,48,Male,Shoes,Footwear,26,Delaware,XL,Purple,Summer,4.4,Yes,Standard,Yes,Yes,4,Credit Card,Bi-Weekly
299,69,Male,T-shirt,Clothing,53,Maryland,M,Lavender,Winter,4,Yes,Standard,Yes,Yes,11,Venmo,Every 3 Months